id,user_id,title,deadline
36,714048128,Завтра,2026-05-20 21:00:00
24,714048128,Калк,2026-05-19 22:00:00
28,714048128,Лллл,2026-05-19 22:00:00
44,714048128,22:04,2026-05-19 22:04:00
45,714048128,22:05,2026-05-19 22:05:00
46,714048128,Фото,2026-05-20 22:12:00
35,714048128,Тест,2026-05-19 21:41:00
37,1157093139,math,2026-05-20 20:43:00
38,1157093139,shjsjs,2026-05-19 21:43:00
34,1157093139,аллалв,2026-05-20 20:35:00
26,1157093139,sjjsjs,2026-05-19 22:00:00
29,714048128,Файнл ИТП,2026-05-20 10:00:00
30,1157093139,поаалал,2026-05-19 21:39:00
32,1157093139,улшушу,2026-05-19 21:29:00
39,714048128,Давай файнл тест,2026-05-19 21:56:00
42,714048128,Чек 21,2026-05-19 21:00:00
40,1157093139,english,2026-05-20 20:57:00
43,714048128,Чек 21:01,2026-05-19 21:01:00
